{
    "Panels": {
        "EStepsCalibratorPanel": {
            "Headline": "E-Steps Calibrator",
            "Description": "Calibrate your extruder's rotation distance with a guided step-by-step wizard. Make sure filament is loaded before starting.",
            "PreheatTemp": "Hotend temperature",
            "WaitingForTemp": "Heating…",
            "Extruding": "Extruding 100mm of filament…",
            "DontTouch": "Do not touch the filament while it moves.",
            "RemainderLabel": "Remaining distance from mark to extruder",
            "Alerts": {
                "HeatingTitle": "Heating hotend",
                "HeatingDesc": "Heating to {temp}°C. While waiting, mark your filament 120mm from where it enters the extruder.",
                "MarkTitle": "Mark your filament now",
                "MarkDesc": "Measure 120mm from the extruder entrance along the filament and make a clear mark with a pen or tape.",
                "TempReached": "Hotend at {temp}°C — ready!",
                "ExtrusionDone": "Extrusion complete!",
                "MeasureDesc": "Measure the distance from your mark to the extruder entrance. Enter 0 if the mark disappeared inside."
            },
            "Diagram": {
                "Extruder": "Extruder"
            },
            "Results": {
                "Commanded": "Commanded",
                "Actual": "Actual extruded",
                "Error": "Error",
                "OldRotDist": "Old rotation_distance",
                "NewRotDist": "New rotation_distance",
                "AppliedLive": "Applied to printer (live)"
            },
            "Buttons": {
                "Start": "Start Calibration",
                "Cancel": "Cancel",
                "MarkDone": "I've marked the filament",
                "Calculate": "Calculate",
                "Save": "Save to printer.cfg",
                "RunAgain": "Run Again"
            },
            "States": {
                "idle": "Idle",
                "heating": "Heating",
                "ready_to_mark": "Ready",
                "extruding": "Extruding",
                "waiting_measurement": "Measure",
                "done": "Done"
            }
        }
    }
}
